{
  "main": {
    "id": "2d2bc7d014c73d4a",
    "type": "split",
    "children": [
      {
        "id": "62e4259ea382d424",
        "type": "tabs",
        "children": [
          {
            "id": "60bab945670ae09c",
            "type": "leaf",
            "state": {
              "type": "markdown",
              "state": {
                "file": "森—笔记/1.1 MSP430F5529/1、MSP430单片机概述.md",
                "mode": "source",
                "source": false
              }
            }
          }
        ]
      }
    ],
    "direction": "vertical"
  },
  "left": {
    "id": "ef447946851b4e63",
    "type": "split",
    "children": [
      {
        "id": "e5f35f5198d3931d",
        "type": "tabs",
        "children": [
          {
            "id": "a4de7db38569d4e3",
            "type": "leaf",
            "state": {
              "type": "file-explorer",
              "state": {
                "sortOrder": "alphabetical"
              }
            }
          },
          {
            "id": "8a7c14b90ba8b78c",
            "type": "leaf",
            "state": {
              "type": "search",
              "state": {
                "query": "",
                "matchingCase": false,
                "explainSearch": true,
                "collapseAll": true,
                "extraContext": true,
                "sortOrder": "alphabetical"
              }
            }
          },
          {
            "id": "533e2a56072c1e15",
            "type": "leaf",
            "state": {
              "type": "bookmarks",
              "state": {}
            }
          }
        ]
      }
    ],
    "direction": "horizontal",
    "width": 263.5
  },
  "right": {
    "id": "2706bae3c58ab81d",
    "type": "split",
    "children": [
      {
        "id": "3863cea1f339d503",
        "type": "tabs",
        "children": [
          {
            "id": "2d2bc899e289caf1",
            "type": "leaf",
            "state": {
              "type": "backlink",
              "state": {
                "file": "森—笔记/1.1 MSP430F5529/1、MSP430单片机概述.md",
                "collapseAll": false,
                "extraContext": false,
                "sortOrder": "alphabetical",
                "showSearch": false,
                "searchQuery": "",
                "backlinkCollapsed": false,
                "unlinkedCollapsed": false
              }
            }
          },
          {
            "id": "0f4a78168c82ebcb",
            "type": "leaf",
            "state": {
              "type": "outgoing-link",
              "state": {
                "file": "森—笔记/1.1 MSP430F5529/1、MSP430单片机概述.md",
                "linksCollapsed": false,
                "unlinkedCollapsed": true
              }
            }
          },
          {
            "id": "2a8b8c468e8a9366",
            "type": "leaf",
            "state": {
              "type": "tag",
              "state": {
                "sortOrder": "frequency",
                "useHierarchy": true
              }
            }
          },
          {
            "id": "e1ddc60e5549f39e",
            "type": "leaf",
            "state": {
              "type": "outline",
              "state": {
                "file": "森—笔记/1.1 MSP430F5529/1、MSP430单片机概述.md"
              }
            }
          },
          {
            "id": "a43ca6cbc63c4618",
            "type": "leaf",
            "state": {
              "type": "all-properties",
              "state": {
                "sortOrder": "frequency"
              }
            }
          }
        ],
        "currentTab": 3
      }
    ],
    "direction": "horizontal",
    "width": 240.5,
    "collapsed": true
  },
  "left-ribbon": {
    "hiddenItems": {
      "mermaid-tools:Open Mermaid Toolbar": false,
      "switcher:打开快速切换": false,
      "graph:查看关系图谱": false,
      "canvas:新建白板": false,
      "daily-notes:打开/创建今天的日记": false,
      "templates:插入模板": false,
      "command-palette:打开命令面板": false,
      "obsidian-local-images-plus:Local Images Plus  0.15.7\r\nDownload media files": false
    }
  },
  "active": "60bab945670ae09c",
  "lastOpenFiles": [
    "森—笔记/1.1 MSP430F5529/1、MSP430单片机概述.md.baiduyun.uploading.cfg",
    "森—笔记/1.1 MSP430F5529/F5529定时器资源介绍.md",
    "森—笔记/1.1 MSP430F5529/8、USCI通信模块.md",
    "森—笔记/1.1 MSP430F5529/1、MSP430单片机概述.md",
    "森—笔记/1.1 MSP430F5529/2、MSP430软件开发环境.md",
    "000-学习笔记/01-默认笔记/电源板(跟B站UP主工科男孙老师).md",
    "000-学习笔记/01-默认笔记/电源板(跟B站UP主工科男孙老师).md.baiduyun.uploading.cfg",
    "000-学习笔记/01-默认笔记/磁盘.md",
    "SEN-notes/自己的物品信息/自己电脑信息.md",
    "森—笔记/1.1 MSP430F5529/3、MSP430单片机CPU与存储器.md",
    "森—笔记/1.1 MSP430F5529/6、MSP430的GPIO.md",
    "森—笔记/1.1 MSP430F5529/5、MSP430的时钟系统和低功耗结构.md",
    "森—笔记/1.1 MSP430F5529/4、MSP430单片机中断系统.md",
    "temp/MarkDown超级教程 Obsidian版 2022.1.12.md",
    "temp/ESP8266常用AT指令.md",
    "森—笔记/1-STM32/stm32.md",
    "森—笔记/1-STM32/keil5安装和卸载/keil5卸载和安装.md",
    "森—笔记/1.1 MSP430F5529/2、MSP430软件开发环境.md.baiduyun.uploading.cfg",
    "森—笔记/1.1 MSP430F5529/7、MSP430F5529定时器.md",
    "森—笔记/1.1 MSP430F5529/F5529定时器资源介绍.md.baiduyun.uploading.cfg",
    "森—笔记/1.1 MSP430F5529/定时器A（Timer_A）.md",
    "森—笔记/1.1 MSP430F5529/七、MSP430F5529定时器.md.baiduyun.uploading.cfg",
    "森—笔记/1.1 MSP430F5529/二、MSP430软件开发环境.md.baiduyun.uploading.cfg",
    "森—笔记/2-嵌入式C语言学习/C语言学习/预处理命令.md",
    "森—笔记/1.1 MSP430F5529/未命名.md.baiduyun.uploading.cfg",
    "森—笔记/1.1 MSP430F5529/六、MSP430的GPIO.md.baiduyun.uploading.cfg",
    "森—笔记/1.1 MSP430F5529/六、MSP430的输入输出模块.md.baiduyun.uploading.cfg",
    "森—笔记/1.1 MSP430F5529/五、MSP430的时钟系统和低功耗结构.md.baiduyun.uploading.cfg",
    "森—笔记/1.1 MSP430F5529/image/1697448751033.jpg.baiduyun.uploading.cfg",
    "森—笔记/1.1 MSP430F5529/image/1697448751033.jpg",
    "森—笔记/1.1 MSP430F5529/image/1697448712443.jpg",
    "森—笔记/1.1 MSP430F5529/image/Pasted image 20231016172920.png",
    "森—笔记/1.1 MSP430F5529/image/Pasted image 20231016172859.png",
    "森—笔记/1.1 MSP430F5529/image/Pasted image 20231016165849.png",
    "森—笔记/1.1 MSP430F5529/image/1697445879192.jpg",
    "森—笔记/1.1 MSP430F5529/image/Pasted image 20231016164256.png",
    "森—笔记/1.1 MSP430F5529/image/Pasted image 20231015215456.png",
    "森—笔记/1.1 MSP430F5529/image/Pasted image 20231015215446.png",
    "森—笔记/1.1 MSP430F5529/image/Pasted image 20231015215442.png",
    "森—笔记/11-物联网/物联网430引脚配置.md",
    "模块资料-笔记/6-TFmini-S/TFminis测距.md",
    "森—笔记/11-物联网/物联网题目.md",
    "模块资料-笔记/8-超声波模块/超声波模块HC-SR04.md",
    "森—笔记/11-物联网/通信协议.md",
    "森—笔记/11-物联网/定时器使用情况.md",
    "森—笔记/2-嵌入式C语言学习/C语言编程习惯/C语言注释格式.md",
    "未命名.canvas"
  ]
}