{
  "main": {
    "id": "5c9e6e09225ccf17",
    "type": "split",
    "children": [
      {
        "id": "b64385c7cb28f085",
        "type": "tabs",
        "children": [
          {
            "id": "b35b25468ffcccc1",
            "type": "leaf",
            "state": {
              "type": "markdown",
              "state": {
                "file": "粤嵌学习/c语言/课堂笔记/指针.md",
                "mode": "source",
                "source": false
              }
            }
          }
        ]
      }
    ],
    "direction": "vertical"
  },
  "left": {
    "id": "183e3d3b03c734eb",
    "type": "split",
    "children": [
      {
        "id": "175c4dd59bb40322",
        "type": "tabs",
        "children": [
          {
            "id": "26af3f1713f60d25",
            "type": "leaf",
            "state": {
              "type": "file-explorer",
              "state": {
                "sortOrder": "byCreatedTime"
              }
            }
          },
          {
            "id": "ca0126280c2debd5",
            "type": "leaf",
            "state": {
              "type": "search",
              "state": {
                "query": "tag:#指定数组元素的类型，而不是数组的类型！！！",
                "matchingCase": false,
                "explainSearch": false,
                "collapseAll": false,
                "extraContext": false,
                "sortOrder": "alphabetical"
              }
            }
          },
          {
            "id": "24f91cca98076c83",
            "type": "leaf",
            "state": {
              "type": "bookmarks",
              "state": {}
            }
          }
        ]
      }
    ],
    "direction": "horizontal",
    "width": 200
  },
  "right": {
    "id": "b2a6342d985c9a0b",
    "type": "split",
    "children": [
      {
        "id": "28e93f84224245fa",
        "type": "tabs",
        "children": [
          {
            "id": "22c8bff78c8fb22f",
            "type": "leaf",
            "state": {
              "type": "backlink",
              "state": {
                "file": "粤嵌学习/c语言/课堂笔记/指针.md",
                "collapseAll": false,
                "extraContext": false,
                "sortOrder": "alphabetical",
                "showSearch": false,
                "searchQuery": "",
                "backlinkCollapsed": false,
                "unlinkedCollapsed": true
              }
            }
          },
          {
            "id": "618cbe8f6f7723d2",
            "type": "leaf",
            "state": {
              "type": "outgoing-link",
              "state": {
                "file": "粤嵌学习/c语言/课堂笔记/指针.md",
                "linksCollapsed": false,
                "unlinkedCollapsed": true
              }
            }
          },
          {
            "id": "5447088a11f8417d",
            "type": "leaf",
            "state": {
              "type": "tag",
              "state": {
                "sortOrder": "frequency",
                "useHierarchy": false
              }
            }
          },
          {
            "id": "c950a5de96b7887b",
            "type": "leaf",
            "state": {
              "type": "outline",
              "state": {
                "file": "粤嵌学习/c语言/课堂笔记/指针.md"
              }
            }
          },
          {
            "id": "29c6b4c84eea426a",
            "type": "leaf",
            "state": {
              "type": "mermaid-toolbar-view",
              "state": {}
            }
          }
        ],
        "currentTab": 4
      }
    ],
    "direction": "horizontal",
    "width": 200,
    "collapsed": true
  },
  "left-ribbon": {
    "hiddenItems": {
      "mermaid-tools:Open Mermaid Toolbar": false,
      "obsidian-local-images-plus:Local Images Plus  0.15.9\r\nLocalize attachments (plugin folder)": false,
      "switcher:打开快速切换": false,
      "graph:查看关系图谱": false,
      "canvas:新建白板": false,
      "daily-notes:打开/创建今天的日记": false,
      "templates:插入模板": false,
      "command-palette:打开命令面板": false,
      "publish:发布更改": false
    }
  },
  "active": "b35b25468ffcccc1",
  "lastOpenFiles": [
    "粤嵌学习/c语言/课堂笔记/函数.md",
    "粤嵌学习/c语言/c链接/大端模式与小端模式.md",
    "粤嵌学习/c语言/测试/预科试卷.md",
    "粤嵌学习/c语言/c链接/typedef与 define的对比.md",
    "粤嵌学习/c语言/测试/c语言分支结构练习.md",
    "粤嵌学习/c语言/c链接/移位操作.md",
    "粤嵌学习/c语言/c链接/段错误.md",
    "粤嵌学习/c语言/c链接/数组内存分配.md",
    "粤嵌学习/c语言/c链接/数组a[4][5.md",
    "粤嵌学习/c语言/c链接/函数问题.md",
    "粤嵌学习/c语言/c链接/下标.md",
    "粤嵌学习/c语言/c链接/sizeof与strlen.md",
    "粤嵌学习/c语言/测试/c语言运算符与表达式（测试）.md",
    "粤嵌学习/c语言/课堂笔记/格式化输入与输出.md",
    "粤嵌学习/c语言/课堂笔记/笔记（数组）.md",
    "粤嵌学习/c语言/课堂笔记/数据类型.md",
    "粤嵌学习/c语言/课堂笔记/指针.md",
    "粤嵌学习/c语言/课堂笔记/笔记（基础）.md",
    "粤嵌学习/c语言/c链接/遍历数组.md",
    "粤嵌学习/c语言/c链接/二分查找法（折半查找法）.md",
    "算法实现/PID/PID算法实现原理.md",
    "图片/e688e8f93173ce2bb79edbbb7ee01ae0_MD5.jpeg",
    "图片/Pasted image 20240814110545.png",
    "6.数组2/code/test1.md",
    "6.数组2/code/test2.md",
    "6.数组2/code/test3.md",
    "6.数组2/note/note.md",
    "6.数组2/note/note.txt",
    "6.数组2/note",
    "6.数组2/code/test3.c",
    "6.数组2/code/test2.c",
    "6.数组2/code/test1.c",
    "6.数组2/code",
    "6.数组2",
    "图片/516623981d24510e5232d24e5122ae34_MD5.jpeg",
    "图片/Pasted image 20240814090650.png",
    "粤嵌学习/c语言/c基础/字符类型说明 1.md",
    "实验室管理.zip",
    "STM32F103C8T6.zip",
    "PCB学习之旅.zip",
    "msp430f5529/USART/图片/178af102970afc9b9b34b12f0c4474d0_MD5.jpeg",
    "STM32F103C8T6/2023学习/图片/15f870a0d5e4b4fffd2d954188c52fcd_MD5.jpeg",
    "STM32F103C8T6/2023学习/图片/6ba23a0422862c9d26fd0af043fc1da6_MD5.jpeg",
    "图片/eeec008e259612fcc7a3a0b13c27cd10_MD5.jpeg",
    "图片/Pasted image 20240723132820.png",
    "图片/Pasted image 20240723132759.png",
    "未命名 1.canvas",
    "未命名.canvas"
  ]
}