{
  "main": {
    "id": "2d2bc7d014c73d4a",
    "type": "split",
    "children": [
      {
        "id": "56540951644fb01c",
        "type": "tabs",
        "children": [
          {
            "id": "7f9240d15c56a667",
            "type": "leaf",
            "state": {
              "type": "markdown",
              "state": {
                "file": "森—笔记/SPI通信协议.md",
                "mode": "source",
                "source": false
              }
            }
          }
        ]
      }
    ],
    "direction": "vertical"
  },
  "left": {
    "id": "ef447946851b4e63",
    "type": "split",
    "children": [
      {
        "id": "e5f35f5198d3931d",
        "type": "tabs",
        "children": [
          {
            "id": "a4de7db38569d4e3",
            "type": "leaf",
            "state": {
              "type": "file-explorer",
              "state": {
                "sortOrder": "alphabetical"
              }
            }
          },
          {
            "id": "8a7c14b90ba8b78c",
            "type": "leaf",
            "state": {
              "type": "search",
              "state": {
                "query": "tag:#建⽴",
                "matchingCase": false,
                "explainSearch": false,
                "collapseAll": false,
                "extraContext": false,
                "sortOrder": "alphabetical"
              }
            }
          },
          {
            "id": "533e2a56072c1e15",
            "type": "leaf",
            "state": {
              "type": "bookmarks",
              "state": {}
            }
          }
        ]
      }
    ],
    "direction": "horizontal",
    "width": 283.5
  },
  "right": {
    "id": "2706bae3c58ab81d",
    "type": "split",
    "children": [
      {
        "id": "3863cea1f339d503",
        "type": "tabs",
        "children": [
          {
            "id": "2d2bc899e289caf1",
            "type": "leaf",
            "state": {
              "type": "backlink",
              "state": {
                "file": "森—笔记/SPI通信协议.md",
                "collapseAll": false,
                "extraContext": false,
                "sortOrder": "alphabetical",
                "showSearch": false,
                "searchQuery": "",
                "backlinkCollapsed": false,
                "unlinkedCollapsed": false
              }
            }
          },
          {
            "id": "0f4a78168c82ebcb",
            "type": "leaf",
            "state": {
              "type": "outgoing-link",
              "state": {
                "file": "森—笔记/SPI通信协议.md",
                "linksCollapsed": false,
                "unlinkedCollapsed": true
              }
            }
          },
          {
            "id": "2a8b8c468e8a9366",
            "type": "leaf",
            "state": {
              "type": "tag",
              "state": {
                "sortOrder": "frequency",
                "useHierarchy": true
              }
            }
          },
          {
            "id": "e1ddc60e5549f39e",
            "type": "leaf",
            "state": {
              "type": "outline",
              "state": {
                "file": "森—笔记/SPI通信协议.md"
              }
            }
          },
          {
            "id": "a43ca6cbc63c4618",
            "type": "leaf",
            "state": {
              "type": "all-properties",
              "state": {
                "sortOrder": "frequency"
              }
            }
          }
        ],
        "currentTab": 1
      }
    ],
    "direction": "horizontal",
    "width": 300
  },
  "left-ribbon": {
    "hiddenItems": {
      "mermaid-tools:Open Mermaid Toolbar": false,
      "switcher:打开快速切换": false,
      "graph:查看关系图谱": false,
      "canvas:新建白板": false,
      "daily-notes:打开/创建今天的日记": false,
      "templates:插入模板": false,
      "command-palette:打开命令面板": false
    }
  },
  "active": "7f9240d15c56a667",
  "lastOpenFiles": [
    "森—笔记/SPI通信协议.md.baiduyun.uploading.cfg",
    "SEN-notes/自己电脑信息.md",
    "SEN-notes/自己电脑信息.md.baiduyun.uploading.cfg",
    "森—笔记/HTTP请求报文和响应报文.md",
    "森—笔记/JSON.md",
    "森—笔记/SPI通信协议.md",
    "森—笔记/SPI通信协议(1).md.baiduyun.downloading.cfg",
    "森—笔记/SPI通信协议(1).md.baiduyun.downloading",
    "森—笔记/通信协议.md",
    "森—笔记/通信协议.md.baiduyun.uploading.cfg",
    "森—笔记/未命名.md",
    "森—笔记/默认(1).md.baiduyun.downloading.cfg",
    "森—笔记/默认(1).md.baiduyun.downloading",
    "森—笔记/各种接口(1).md.baiduyun.downloading.cfg",
    "森—笔记/各种接口(1).md.baiduyun.downloading",
    "森—笔记/SDK和AT(1).md.baiduyun.downloading.cfg",
    "森—笔记/默认.md",
    "森—笔记/das.md",
    "森—笔记/各种接口.md",
    "森—笔记/4-学习笔记/markdown语法学习.md",
    "森—笔记/4-学习笔记/www.baidu.com.md",
    "temp/MarkDown超级教程 Obsidian版 2022.1.12.md",
    "temp/ESP8266常用AT指令.md",
    "森—笔记/USART.md",
    "森—笔记/image/1695928473329.jpg",
    "森—笔记/1-STM32_OLED显示屏/常见的屏幕模块.md",
    "SEN-notes/habit and rule/网盘.md",
    "SEN-notes/habit and rule/image/c7d19a1da875e37cf38bc05c21b394e.png",
    "SEN-notes/habit and rule/image/8ae1fe0eb744845eab24962a4f86d98.png",
    "SEN-notes/habit and rule/image/2796804c17df530ee54aa6afdb3ef43.png",
    "SEN-notes/habit and rule/image/37be40683e540e39ba35f5e211491f4.jpg",
    "SEN-notes/habit and rule/image/2579b3f7909f84b68779043f975744e.png",
    "SEN-notes/habit and rule/image/8c4a02edc5e553bd26f8830e40166ea.jpg",
    "SEN-notes/habit and rule/image/8a14c3f99ff4502527e8e53fd102bc6.jpg",
    "SEN-notes/habit and rule/image/dbf4769abe9e8fe6e5041ea78e18069.jpg",
    "SEN-notes/habit and rule/image/c6c07b7c475f133c6ac0fd1afe54dcc.jpg",
    "森—笔记/1-STM32_OLED显示屏/MSP430F5529 软件IIC显示OLED屏幕.md",
    "森—笔记/1-STM32_OLED显示屏/stm32_OLED显示基于江协科技模拟IIC.md",
    "森—笔记/1-STM32_OLED显示屏/stm32.md",
    "temp/1695555478406.md",
    "temp/1695583797469.md",
    "temp/image/1695555369561.png.md",
    "森—笔记/3-网站/计算机基础.md",
    "森—笔记/3-网站/服务器.md",
    "森—笔记/3-网站/宝塔面板.md",
    "未命名.canvas"
  ]
}